doc_id,asset_tag,source,field,language,extraction_date,preprocessing_version
DOC-00032,MIT-163-B,manual,descricao,pt,2026-05-05,1.1
DOC-00001,MOT-617-A,placa,especificacao_tecnica,pt,2026-05-05,1.1
DOC-00043,MIT-777-C,manual,descricao,pt,2026-05-05,1.1
DOC-00069,MOT-607-A,ficha_cadastro,descricao,mixed,2026-05-05,1.1
DOC-00089,MIT-333-D,log_operacional,log_operacao,pt,2026-05-05,1.1
DOC-00044,MIT-208-D,manual,descricao,pt,2026-05-05,1.1
DOC-00019,MIT-357-A,placa,especificacao_tecnica,mixed,2026-05-05,1.1
DOC-00052,MIT-383-C,manual,descricao,pt,2026-05-05,1.1
DOC-00063,M-565-A,ficha_cadastro,descricao,pt,2026-05-05,1.1
DOC-00047,MIT-317-C,manual,descricao,mixed,2026-05-05,1.1
DOC-00016,M-734-A,placa,especificacao_tecnica,pt,2026-05-05,1.1
DOC-00079,MIT-477-C,ficha_cadastro,descricao,pt,2026-05-05,1.1
DOC-00028,MOT-771-A,placa,especificacao_tecnica,pt,2026-05-05,1.1
DOC-00024,MIT-690-B,placa,especificacao_tecnica,en,2026-05-05,1.1
DOC-00026,MIT-904-C,placa,especificacao_tecnica,mixed,2026-05-05,1.1
DOC-00018,M-783-C,placa,especificacao_tecnica,mixed,2026-05-05,1.1
DOC-00002,EM-204-A,placa,especificacao_tecnica,pt,2026-05-05,1.1
DOC-00011,M-626-B,placa,especificacao_tecnica,mixed,2026-05-05,1.1
DOC-00014,M-268-D,placa,especificacao_tecnica,mixed,2026-05-05,1.1
DOC-00045,MIT-576-D,manual,descricao,pt,2026-05-05,1.1
DOC-00068,MIT-429-B,ficha_cadastro,descricao,mixed,2026-05-05,1.1
DOC-00054,M-993-A,manual,descricao,pt,2026-05-05,1.1
DOC-00034,EM-546-D,manual,descricao,pt,2026-05-05,1.1
DOC-00035,MOT-737-A,manual,descricao,pt,2026-05-05,1.1
DOC-00087,EM-569-A,log_operacional,log_operacao,pt,2026-05-05,1.1
DOC-00027,MOT-925-B,placa,especificacao_tecnica,mixed,2026-05-05,1.1
DOC-00017,MIT-736-A,placa,especificacao_tecnica,mixed,2026-05-05,1.1
DOC-00053,EM-114-B,manual,descricao,mixed,2026-05-05,1.1
DOC-00015,EM-158-A,placa,especificacao_tecnica,en,2026-05-05,1.1
DOC-00096,EM-146-B,log_operacional,log_operacao,pt,2026-05-05,1.1
DOC-00066,MIT-954-D,ficha_cadastro,descricao,mixed,2026-05-05,1.1
DOC-00049,M-195-C,manual,descricao,pt,2026-05-05,1.1
DOC-00012,EM-533-D,placa,especificacao_tecnica,mixed,2026-05-05,1.1
DOC-00086,MOT-859-D,log_operacional,log_operacao,pt,2026-05-05,1.1
DOC-00059,EM-906-B,ficha_cadastro,descricao,mixed,2026-05-05,1.1
DOC-00022,M-979-D,placa,especificacao_tecnica,mixed,2026-05-05,1.1
DOC-00007,M-798-C,placa,especificacao_tecnica,en,2026-05-05,1.1
DOC-00050,EM-535-C,manual,descricao,pt,2026-05-05,1.1
DOC-00004,M-723-B,placa,especificacao_tecnica,mixed,2026-05-05,1.1
DOC-00071,M-340-C,ficha_cadastro,descricao,mixed,2026-05-05,1.1
DOC-00078,M-579-A,ficha_cadastro,descricao,mixed,2026-05-05,1.1
DOC-00031,MIT-810-B,manual,descricao,pt,2026-05-05,1.1
DOC-00077,MOT-192-C,ficha_cadastro,descricao,mixed,2026-05-05,1.1
DOC-00021,M-462-D,placa,especificacao_tecnica,pt,2026-05-05,1.1
DOC-00013,EM-573-B,placa,especificacao_tecnica,pt,2026-05-05,1.1
DOC-00062,MIT-193-D,ficha_cadastro,descricao,mixed,2026-05-05,1.1
DOC-00094,MIT-449-B,log_operacional,log_operacao,pt,2026-05-05,1.1
DOC-00029,MIT-727-D,placa,especificacao_tecnica,mixed,2026-05-05,1.1
DOC-00003,M-146-B,placa,especificacao_tecnica,pt,2026-05-05,1.1
DOC-00072,EM-467-C,ficha_cadastro,descricao,mixed,2026-05-05,1.1
DOC-00051,M-838-B,manual,descricao,pt,2026-05-05,1.1
DOC-00091,EM-714-C,log_operacional,log_operacao,pt,2026-05-05,1.1
DOC-00038,M-867-A,manual,descricao,pt,2026-05-05,1.1
DOC-00030,MOT-378-C,placa,especificacao_tecnica,mixed,2026-05-05,1.1
DOC-00025,MIT-434-D,placa,especificacao_tecnica,mixed,2026-05-05,1.1
DOC-00033,M-460-C,manual,descricao,pt,2026-05-05,1.1
DOC-00076,EM-324-B,ficha_cadastro,descricao,mixed,2026-05-05,1.1
DOC-00070,M-580-C,ficha_cadastro,descricao,pt,2026-05-05,1.1
DOC-00006,EM-324-B,placa,especificacao_tecnica,mixed,2026-05-05,1.1
DOC-00055,M-358-D,manual,descricao,mixed,2026-05-05,1.1
DOC-00056,M-255-B,ficha_cadastro,descricao,mixed,2026-05-05,1.1
DOC-00099,M-547-A,log_operacional,log_operacao,pt,2026-05-05,1.1
DOC-00067,EM-940-A,ficha_cadastro,descricao,pt,2026-05-05,1.1
DOC-00037,MIT-434-C,manual,descricao,pt,2026-05-05,1.1
DOC-00048,M-347-D,manual,descricao,pt,2026-05-05,1.1
DOC-00074,MIT-453-C,ficha_cadastro,descricao,mixed,2026-05-05,1.1
DOC-00005,MOT-680-C,placa,especificacao_tecnica,en,2026-05-05,1.1
DOC-00090,M-195-D,log_operacional,log_operacao,pt,2026-05-05,1.1
DOC-00093,EM-459-A,log_operacional,log_operacao,pt,2026-05-05,1.1
DOC-00040,MIT-816-C,manual,descricao,pt,2026-05-05,1.1
DOC-00097,MIT-864-D,log_operacional,log_operacao,pt,2026-05-05,1.1
DOC-00065,MOT-418-A,ficha_cadastro,descricao,mixed,2026-05-05,1.1
DOC-00046,MOT-868-D,manual,descricao,pt,2026-05-05,1.1
DOC-00008,MOT-482-B,placa,especificacao_tecnica,pt,2026-05-05,1.1
DOC-00036,MOT-987-D,manual,descricao,pt,2026-05-05,1.1
DOC-00039,MOT-304-A,manual,descricao,pt,2026-05-05,1.1
DOC-00085,EM-917-B,log_operacional,log_operacao,pt,2026-05-05,1.1
DOC-00061,M-193-B,ficha_cadastro,descricao,mixed,2026-05-05,1.1
DOC-00009,M-878-B,placa,especificacao_tecnica,mixed,2026-05-05,1.1
DOC-00057,EM-682-A,ficha_cadastro,descricao,mixed,2026-05-05,1.1
DOC-00020,M-807-B,placa,especificacao_tecnica,en,2026-05-05,1.1
DOC-00041,M-692-A,manual,descricao,pt,2026-05-05,1.1
DOC-00095,MIT-777-D,log_operacional,log_operacao,pt,2026-05-05,1.1
DOC-00042,M-706-B,manual,descricao,pt,2026-05-05,1.1
DOC-00080,M-750-D,ficha_cadastro,descricao,mixed,2026-05-05,1.1
DOC-00082,M-953-D,log_operacional,log_operacao,pt,2026-05-05,1.1
DOC-00083,EM-162-D,log_operacional,log_operacao,pt,2026-05-05,1.1
DOC-00092,MOT-926-D,log_operacional,log_operacao,pt,2026-05-05,1.1
DOC-00088,MOT-381-C,log_operacional,log_operacao,pt,2026-05-05,1.1
DOC-00058,MOT-102-D,ficha_cadastro,descricao,mixed,2026-05-05,1.1
DOC-00075,EM-688-C,ficha_cadastro,descricao,mixed,2026-05-05,1.1
DOC-00073,MIT-697-B,ficha_cadastro,descricao,mixed,2026-05-05,1.1
DOC-00060,MIT-227-D,ficha_cadastro,descricao,pt,2026-05-05,1.1
DOC-00064,MIT-740-D,ficha_cadastro,descricao,pt,2026-05-05,1.1
DOC-00081,EM-604-A,log_operacional,log_operacao,pt,2026-05-05,1.1
DOC-00023,EM-459-D,placa,especificacao_tecnica,en,2026-05-05,1.1
DOC-00010,M-353-B,placa,especificacao_tecnica,mixed,2026-05-05,1.1
DOC-00084,MOT-905-B,log_operacional,log_operacao,pt,2026-05-05,1.1
DOC-00100,M-643-B,log_operacional,log_operacao,pt,2026-05-05,1.1
DOC-00098,M-570-A,log_operacional,log_operacao,pt,2026-05-05,1.1
